AirWay,New York,Los Angeles,$300
SkyFlyer,Chicago,Miami,$250
JetStream,San Francisco,Seattle,$200
CloudNine,Boston,Denver,$400
FlyHigh,Houston,Las Vegas,$350
AeroJet,Dallas,Orlando,$270
BlueSky,Atlanta,San Diego,$320
StarAir,Phoenix,Portland,$280
EagleAir,Philadelphia,San Antonio,$310
SunnyAir,San Jose,Austin,$290
PacificAir,Indianapolis,Columbus,$230
RapidAir,Charlotte,Fort Worth,$260
SunriseAir,Detroit,El Paso,$340
OceanAir,Seattle,Washington,$330
VistaAir,Denver,Boston,$310
GlobeAir,Baltimore,Nashville,$280
WingsAir,Las Vegas,Milwaukee,$300
JetEagle,Portland,Memphis,$270
SkyWings,Oklahoma City,Louisville,$290
AirExpress,San Diego,Richmond,$310
SkyWay,Orlando,New York,$400
FlyStar,Washington,Chicago,$350
EagleJet,Memphis,Dallas,$320
BlueJet,San Antonio,San Francisco,$310
SunAir,Miami,Charlotte,$290
AirJet,New Orleans,San Diego,$350
JetFlyer,Nashville,Indianapolis,$270
SkyLine,Cleveland,Denver,$310
RapidJet,Boston,Phoenix,$330
SunnyJet,Atlanta,Houston,$320
PacificJet,Fort Worth,Las Vegas,$340
JetSky,El Paso,Miami,$310
StarJet,Milwaukee,San Jose,$270
EagleSky,San Francisco,Washington,$360
SunnyWings,Orlando,Dallas,$290
VistaJet,Portland,New York,$330
OceanJet,Denver,Chicago,$300
CloudJet,San Diego,Philadelphia,$350
SkyEagle,San Antonio,Seattle,$310
AirCloud,New York,Charlotte,$400
FlyWay,Chicago,Houston,$320
StarWings,Dallas,Las Vegas,$280
EagleWings,Houston,New York,$310
SunExpress,Miami,San Diego,$340
RapidWings,Orlando,Chicago,$290
VistaWay,San Francisco,Miami,$350
BlueWay,Denver,Dallas,$320
SkyExpress,Seattle,Philadelphia,$280
AirStar,Boston,Houston,$310
StarFlyer,Washington,Las Vegas,$330
EagleWay,San Jose,New York,$340
CloudWings,San Antonio,Chicago,$300
PacificWings,Charlotte,Miami,$320
SkyCloud,New Orleans,Denver,$310
SunnySky,Atlanta,Seattle,$350
VistaSky,Las Vegas,Philadelphia,$270
OceanSky,Dallas,San Francisco,$330
AirVista,San Diego,New York,$340
FlyExpress,Orlando,Chicago,$300
RapidExpress,San Francisco,Houston,$310
SunnyExpress,Denver,Miami,$290
PacificExpress,Portland,Las Vegas,$320
StarExpress,San Jose,Dallas,$310
EagleExpress,Seattle,New York,$340
CloudExpress,Chicago,Philadelphia,$280
SkyVista,San Antonio,Houston,$300
AirSun,New York,San Diego,$350
StarSun,Miami,Chicago,$320
EagleSun,Denver,Las Vegas,$270
SunVista,Orlando,Houston,$310
RapidVista,Las Vegas,San Francisco,$330
SunnyVista,Seattle,New York,$340
PacificVista,Portland,Chicago,$300
StarVista,San Diego,Philadelphia,$320
EagleVista,Denver,Dallas,$290
CloudVista,Miami,New York,$350
SkySun,Boston,Houston,$280
AirRapid,San Francisco,Las Vegas,$310
StarRapid,Orlando,Chicago,$340
EagleRapid,San Jose,Houston,$300
SunnyRapid,New York,San Diego,$320
PacificRapid,Chicago,Las Vegas,$310
CloudRapid,Dallas,New York,$290
SkyStar,Denver,Houston,$350
AirEagle,Miami,Philadelphia,$280
StarEagle,Las Vegas,San Francisco,$310
EagleStar,San Antonio,New York,$340
SunnyStar,Orlando,Chicago,$300
PacificStar,San Francisco,Houston,$320
CloudStar,Denver,Las Vegas,$310
SkyStar,Miami,New York,$290
AirSky,Boston,Philadelphia,$350
StarSky,San Diego,San Francisco,$280
EagleSky,San Jose,New York,$310
,,,
,,,
,,,
,,,
,,,
,,,
,,,
,,,
,,,
,,,
,,,
